team,match,placement_points,kill_points,total_points,wins,alive_circle1,alive_circle2,alive_circle3,alive_circle4,alive_circle5,alive_circle6,alive_circle7,alive_circle8,alive_circle9,favored_circle1,favored_circle2,favored_circle3,favored_circle4,favored_circle5,favored_circle6,favored_circle7,favored_circle8,favored_circle9,total_circles_alive,total_favorable_circles,circle_favor_proportion,34569_alive,34569_favorable,34569_favor_proportion,relative_circle_favor
BMG,1,0,2,2,0,1,1,1,1,1,0,0,0,0,0,1,0,0,0,NA,NA,NA,NA,5,1,0.2,3,0,0,-1.395392831
C9,1,0,3,3,0,1,1,1,1,0,0,0,0,0,0,1,1,0,NA,NA,NA,NA,NA,4,2,0.5,2,1,0.5,-1.095392831
DNL,1,10,13,23,1,1,1,1,1,1,1,1,1,0,0,1,1,1,0,1,1,0,NA,8,5,0.625,4,3,0.75,-0.970392831
END,1,1,5,6,0,1,1,1,1,1,1,1,0,0,0,0,0,0,0,0,0,NA,NA,7,0,0,4,0,0,-1.595392831
EU,1,0,3,3,0,1,1,1,1,0,0,0,0,0,0,0,0,0,NA,NA,NA,NA,NA,4,0,0,2,0,0,-1.595392831
EXG,1,0,0,0,0,1,1,1,1,0,0,0,0,0,1,1,0,0,NA,NA,NA,NA,NA,4,2,0.5,2,0,0,-1.095392831
GG,1,0,3,3,0,1,1,1,0,0,0,0,0,0,0,1,0,NA,NA,NA,NA,NA,NA,3,1,0.333333333,1,0,0,-1.262059497
LZR,1,3,0,3,0,1,1,1,1,1,1,1,0,0,0,0,0,1,1,0,0,NA,NA,7,2,0.285714286,4,2,0.5,-1.309678545
NV,1,2,4,6,0,1,1,1,1,1,1,1,0,0,0,0,0,1,0,0,0,NA,NA,7,1,0.142857143,4,1,0.25,-1.452535688
P1E,1,4,2,6,0,1,1,1,1,1,1,1,0,0,1,1,1,0,0,0,1,NA,NA,7,4,0.571428571,4,1,0.25,-1.023964259
PEC,1,6,3,9,0,1,1,1,1,1,1,1,1,0,0,0,1,1,1,0,0,0,NA,8,3,0.375,4,3,0.75,-1.220392831
RUM,1,0,4,4,0,1,1,1,1,1,0,0,0,0,0,0,0,0,0,NA,NA,NA,NA,5,0,0,3,0,0,-1.595392831
SIM,1,0,2,2,0,1,1,1,1,0,0,0,0,0,0,0,0,0,NA,NA,NA,NA,NA,4,0,0,2,0,0,-1.595392831
SSG,1,1,2,3,0,1,1,1,1,1,1,0,0,0,0,0,0,0,1,0,NA,NA,NA,6,1,0.166666667,4,1,0.25,-1.428726164
TS,1,0,0,0,0,1,1,1,0,0,0,0,0,0,0,0,0,NA,NA,NA,NA,NA,NA,3,0,0,1,0,0,-1.595392831
WC,1,5,2,7,0,1,1,1,1,1,1,1,0,0,1,1,1,1,1,1,0,NA,NA,7,6,0.857142857,4,4,1,-0.738249973
BMG,2,0,1,1,0,1,1,1,1,1,0,0,0,0,0,1,0,0,0,NA,NA,NA,NA,5,1,0.2,3,0,0,-1.395392831
C9,2,4,11,15,0,1,1,1,1,1,1,1,1,0,1,1,1,1,0,0,0,0,NA,8,4,0.5,4,2,0.5,-1.095392831
DNL,2,3,2,5,0,1,1,1,1,1,1,1,1,0,0,1,0,0,1,0,0,0,NA,8,2,0.25,4,1,0.25,-1.345392831
END,2,0,0,0,0,1,1,1,1,0,0,0,0,0,1,0,0,0,NA,NA,NA,NA,NA,4,1,0.25,2,0,0,-1.345392831
EU,2,1,1,2,0,1,1,1,1,1,1,1,0,0,1,1,1,0,1,1,1,NA,NA,7,6,0.857142857,4,3,0.75,-0.738249973
EXG,2,0,2,2,0,1,1,1,1,1,0,0,0,0,1,1,1,1,0,NA,NA,NA,NA,5,4,0.8,3,2,0.666666667,-0.795392831
GG,2,2,5,7,0,1,1,1,1,1,1,1,0,0,1,1,1,1,1,0,0,NA,NA,7,5,0.714285714,4,3,0.75,-0.881107116
LZR,2,0,2,2,0,1,1,1,1,1,1,0,0,0,0,1,1,1,0,0,NA,NA,NA,6,3,0.5,4,2,0.5,-1.095392831
NV,2,0,4,4,0,1,1,1,1,1,0,0,0,0,0,0,0,0,0,NA,NA,NA,NA,5,0,0,3,0,0,-1.595392831
P1E,2,5,8,13,0,1,1,1,1,1,1,1,1,1,0,1,1,1,1,1,1,0,0,9,6,0.666666667,5,4,0.8,-0.928726164
PEC,2,0,1,1,0,1,1,1,1,1,0,0,0,0,0,0,0,0,0,NA,NA,NA,NA,5,0,0,3,0,0,-1.595392831
RUM,2,0,4,4,0,1,1,0,0,0,0,0,0,0,1,1,NA,NA,NA,NA,NA,NA,NA,2,2,1,0,0,NA,-0.595392831
SIM,2,0,4,4,0,1,1,1,1,0,0,0,0,0,1,1,0,0,NA,NA,NA,NA,NA,4,2,0.5,2,0,0,-1.095392831
SSG,2,6,5,11,0,1,1,1,1,1,1,1,1,1,1,0,1,1,1,1,1,0,0,9,6,0.666666667,5,4,0.8,-0.928726164
TS,2,10,13,23,1,1,1,1,1,1,1,1,1,1,0,1,1,0,1,1,1,1,0,9,6,0.666666667,5,3,0.6,-0.928726164
WC,2,1,1,2,0,1,1,1,1,1,1,0,0,0,0,0,0,1,1,0,NA,NA,NA,6,2,0.333333333,4,2,0.5,-1.262059497
BMG,3,10,7,17,1,1,1,1,1,1,1,1,1,0,0,1,1,1,1,0,0,1,NA,8,5,0.625,4,3,0.75,-0.970392831
C9,3,1,7,8,0,1,1,1,1,1,1,0,0,0,1,1,1,1,1,0,NA,NA,NA,6,5,0.833333333,4,3,0.75,-0.762059497
DNL,3,0,0,0,0,1,1,1,1,1,0,0,0,0,0,0,1,0,0,NA,NA,NA,NA,5,1,0.2,3,1,0.333333333,-1.395392831
END,3,0,2,2,0,1,1,1,1,1,1,0,0,0,1,1,1,0,0,0,NA,NA,NA,6,3,0.5,4,1,0.25,-1.095392831
EU,3,3,8,11,0,1,1,1,1,1,1,1,0,0,1,1,1,1,0,0,0,NA,NA,7,4,0.571428571,4,2,0.5,-1.023964259
EXG,3,0,1,1,0,1,1,1,1,0,0,0,0,0,1,1,0,0,NA,NA,NA,NA,NA,4,2,0.5,2,0,0,-1.095392831
GG,3,0,2,2,0,1,1,1,1,1,0,0,0,0,0,1,1,1,0,NA,NA,NA,NA,5,3,0.6,3,2,0.666666667,-0.995392831
LZR,3,5,8,13,0,1,1,1,1,1,1,1,1,0,0,1,0,1,0,0,0,0,NA,8,2,0.25,4,1,0.25,-1.345392831
NV,3,2,1,3,0,1,1,1,1,1,1,0,0,0,1,1,1,1,1,0,NA,NA,NA,6,5,0.833333333,4,3,0.75,-0.762059497
P1E,3,6,8,14,0,1,1,1,1,1,1,1,1,0,1,1,1,1,1,1,1,0,NA,8,7,0.875,4,4,1,-0.720392831
PEC,3,0,3,3,0,1,1,1,1,1,0,0,0,0,0,0,0,0,0,NA,NA,NA,NA,5,0,0,3,0,0,-1.595392831
RUM,3,1,1,2,0,1,1,1,1,1,1,0,0,0,1,1,1,0,1,0,NA,NA,NA,6,4,0.666666667,4,2,0.5,-0.928726164
SIM,3,0,0,0,0,1,1,1,1,1,1,0,0,0,1,1,1,1,0,0,NA,NA,NA,6,4,0.666666667,4,2,0.5,-0.928726164
SSG,3,0,5,5,0,1,1,1,1,1,0,0,0,0,1,1,1,0,0,NA,NA,NA,NA,5,3,0.6,3,1,0.333333333,-0.995392831
TS,3,0,1,1,0,1,1,1,1,0,0,0,0,0,0,1,1,0,NA,NA,NA,NA,NA,4,2,0.5,2,1,0.5,-1.095392831
WC,3,4,6,10,0,1,1,1,1,1,1,1,0,0,1,1,1,0,0,0,0,NA,NA,7,3,0.428571429,4,1,0.25,-1.166821402
BMG,4,6,2,8,0,1,1,1,1,1,1,1,1,1,0,1,1,0,0,0,0,0,0,9,2,0.222222222,5,1,0.2,-1.373170608
C9,4,0,4,4,0,1,1,1,1,1,1,0,0,0,0,1,1,0,0,0,NA,NA,NA,6,2,0.333333333,4,1,0.25,-1.262059497
DNL,4,0,1,1,0,1,1,1,1,1,0,0,0,0,0,1,0,0,0,NA,NA,NA,NA,5,1,0.2,3,0,0,-1.395392831
END,4,0,0,0,0,1,1,1,1,1,0,0,0,0,0,0,1,0,0,NA,NA,NA,NA,5,1,0.2,3,1,0.333333333,-1.395392831
EU,4,10,12,22,1,1,1,1,1,1,1,1,1,1,1,1,1,1,1,0,1,1,0,9,7,0.777777778,5,3,0.6,-0.817615053
EXG,4,0,5,5,0,1,1,1,1,0,0,0,0,0,0,1,0,0,NA,NA,NA,NA,NA,4,1,0.25,2,0,0,-1.345392831
GG,4,0,0,0,0,1,1,1,1,0,0,0,0,0,0,1,1,0,NA,NA,NA,NA,NA,4,2,0.5,2,1,0.5,-1.095392831
LZR,4,5,9,14,0,1,1,1,1,1,1,1,1,0,1,1,1,1,1,1,0,0,NA,8,6,0.75,4,4,1,-0.845392831
NV,4,0,4,4,0,1,0,0,0,0,0,0,0,0,1,NA,NA,NA,NA,NA,NA,NA,NA,1,1,1,0,0,NA,-0.595392831
P1E,4,0,2,2,0,1,1,1,1,1,0,0,0,0,0,1,0,0,0,NA,NA,NA,NA,5,1,0.2,3,0,0,-1.395392831
PEC,4,0,2,2,0,1,0,0,0,0,0,0,0,0,1,NA,NA,NA,NA,NA,NA,NA,NA,1,1,1,0,0,NA,-0.595392831
RUM,4,2,6,8,0,1,1,1,1,1,1,0,0,0,1,1,1,0,0,0,NA,NA,NA,6,3,0.5,4,1,0.25,-1.095392831
SIM,4,3,4,7,0,1,1,1,1,1,1,1,0,0,1,1,1,0,0,0,0,NA,NA,7,3,0.428571429,4,1,0.25,-1.166821402
SSG,4,1,2,3,0,1,1,1,1,1,1,0,0,0,1,1,1,1,0,0,NA,NA,NA,6,4,0.666666667,4,2,0.5,-0.928726164
TS,4,1,0,1,0,1,1,1,1,1,1,0,0,0,0,1,1,1,0,0,NA,NA,NA,6,3,0.5,4,2,0.5,-1.095392831
WC,4,4,5,9,0,1,1,1,1,1,1,1,1,0,0,0,0,1,1,1,0,0,NA,8,3,0.375,4,3,0.75,-1.220392831
BMG,5,0,0,0,0,1,1,1,1,0,0,0,0,0,0,0,0,NA,NA,NA,NA,NA,NA,4,0,0,2,0,0,-1.595392831
C9,5,1,2,3,0,1,1,1,1,1,0,0,0,0,1,1,1,1,NA,NA,NA,NA,NA,5,4,0.8,3,2,0.666666667,-0.795392831
DNL,5,0,0,0,0,1,1,1,0,0,0,0,0,0,0,0,0,NA,NA,NA,NA,NA,NA,3,0,0,1,0,0,-1.595392831
END,5,5,0,5,0,1,1,1,1,1,1,1,1,1,0,0,0,1,1,1,1,1,0,9,5,0.555555556,5,3,0.6,-1.039837275
EU,5,3,2,5,0,1,1,1,1,1,1,1,0,0,1,0,0,0,0,0,0,NA,NA,7,1,0.142857143,4,0,0,-1.452535688
EXG,5,0,4,4,0,1,1,1,1,1,0,0,0,0,1,1,1,0,0,NA,NA,NA,NA,5,2,0.4,3,1,0.333333333,-1.195392831
GG,5,5,7,12,0,1,1,1,1,1,1,1,1,1,1,0,0,0,1,1,1,0,0,9,4,0.444444444,5,2,0.4,-1.150948386
LZR,5,2,8,10,0,1,1,1,1,1,1,0,0,0,0,0,0,0,0,NA,NA,NA,NA,6,0,0,4,0,0,-1.595392831
NV,5,4,6,10,0,1,1,1,1,1,1,1,1,0,1,1,1,1,1,0,0,1,NA,8,6,0.75,4,3,0.75,-0.845392831
P1E,5,0,3,3,0,1,1,1,1,0,0,0,0,0,1,1,1,0,NA,NA,NA,NA,NA,4,3,0.75,2,1,0.5,-0.845392831
PEC,5,0,4,4,0,1,1,1,1,0,0,0,0,0,1,0,0,0,NA,NA,NA,NA,NA,4,1,0.25,2,0,0,-1.345392831
RUM,5,0,0,0,0,1,0,0,0,0,0,0,0,0,1,NA,NA,NA,NA,NA,NA,NA,NA,1,1,1,0,0,NA,-0.595392831
SIM,5,1,2,3,0,1,1,1,1,1,1,0,0,0,0,1,0,0,0,0,NA,NA,NA,6,1,0.166666667,4,0,0,-1.428726164
SSG,5,0,0,0,0,1,1,1,1,0,0,0,0,0,0,0,0,0,NA,NA,NA,NA,NA,4,0,0,2,0,0,-1.595392831
TS,5,10,13,23,1,1,1,1,1,1,1,1,1,1,0,1,1,1,0,1,1,0,0,9,5,0.555555556,5,3,0.6,-1.039837275
WC,5,0,3,3,0,1,1,1,1,0,0,0,0,0,0,0,0,0,NA,NA,NA,NA,NA,4,0,0,2,0,0,-1.595392831
BMG,6,0,3,3,0,1,1,1,0,0,0,0,0,0,0,0,,NA,NA,NA,NA,NA,NA,3,0,0,1,0,0,-1.595392831
C9,6,4,5,9,0,1,1,1,1,1,1,1,1,0,0,1,0,0,1,1,1,1,NA,8,5,0.625,4,2,0.5,-0.970392831
DNL,6,6,5,11,0,1,1,1,1,1,1,1,1,1,0,1,1,1,1,0,0,1,0,9,5,0.555555556,5,3,0.6,-1.039837275
END,6,10,8,18,1,1,1,1,1,1,1,1,1,1,1,1,1,1,0,1,0,1,0,9,4,0.444444444,5,3,0.6,-1.150948386
EU,6,0,0,0,0,1,1,1,0,0,0,0,0,0,0,0,0,NA,NA,NA,NA,NA,NA,3,0,0,1,0,0,-1.595392831
EXG,6,0,4,4,0,1,1,1,1,0,0,0,0,0,1,0,0,0,NA,NA,NA,NA,NA,4,1,0.25,2,0,0,-1.345392831
GG,6,0,2,2,0,1,1,1,1,0,0,0,0,0,0,1,1,0,NA,NA,NA,NA,NA,4,2,0.5,2,1,0.5,-1.095392831
LZR,6,1,1,2,0,1,1,1,1,1,0,0,0,0,0,1,0,0,1,NA,NA,NA,NA,5,2,0.4,3,1,0.333333333,-1.195392831
NV,6,3,8,11,0,1,1,1,1,1,1,0,0,0,0,1,1,1,1,0,NA,NA,NA,6,4,0.666666667,4,3,0.75,-0.928726164
P1E,6,0,3,3,0,1,1,1,0,0,0,0,0,0,0,0,0,NA,NA,NA,NA,NA,NA,3,0,0,1,0,0,-1.595392831
PEC,6,0,0,0,0,1,1,1,1,0,0,0,0,0,1,1,1,0,NA,NA,NA,NA,NA,4,3,0.75,2,1,0.5,-0.845392831
RUM,6,2,2,4,0,1,1,1,1,1,1,0,0,0,0,0,0,0,0,0,NA,NA,NA,6,0,0,4,0,0,-1.595392831
SIM,6,0,1,1,0,1,1,1,1,1,0,0,0,0,1,1,1,0,0,NA,NA,NA,NA,5,3,0.6,3,1,0.333333333,-0.995392831
SSG,6,5,7,12,0,1,1,1,1,1,1,1,1,0,1,1,1,0,0,0,1,1,NA,8,4,0.5,4,1,0.25,-1.095392831
TS,6,1,7,8,0,1,1,1,1,1,1,0,0,0,0,0,1,1,0,1,NA,NA,NA,6,3,0.5,4,3,0.75,-1.095392831
WC,6,0,3,3,0,1,1,1,1,1,0,0,0,0,1,1,0,0,0,NA,NA,NA,NA,5,2,0.4,3,0,0,-1.195392831
BMG,7,4,0,4,0,1,1,1,1,1,1,1,1,0,0,0,0,0,0,0,0,0,NA,8,1,0.125,4,0,0,-1.470392831
C9,7,3,8,11,0,1,1,1,1,1,1,1,1,0,1,1,1,0,0,0,0,0,NA,8,3,0.375,4,1,0.25,-1.220392831
DNL,7,0,1,1,0,1,1,1,1,1,0,0,0,0,1,0,0,0,0,NA,NA,NA,NA,5,1,0.2,3,0,0,-1.395392831
END,7,2,2,4,0,1,1,1,1,1,1,1,0,0,1,1,0,1,0,0,0,NA,NA,7,3,0.428571429,4,1,0.25,-1.166821402
EU,7,10,12,22,1,1,1,1,1,1,1,1,1,1,0,1,0,1,1,1,1,1,1,9,4,0.444444444,5,4,0.8,-1.150948386
EXG,7,0,2,2,0,1,1,1,1,1,0,0,0,0,0,0,1,1,0,NA,NA,NA,NA,5,3,0.6,3,2,0.666666667,-0.995392831
GG,7,6,6,12,0,1,1,1,1,1,1,1,1,1,1,0,0,1,1,1,1,0,0,9,4,0.444444444,5,3,0.6,-1.150948386
LZR,7,5,6,11,0,1,1,1,1,1,1,1,1,1,1,0,0,0,0,0,1,0,0,9,1,0.111111111,5,0,0,-1.484281719
NV,7,0,1,1,0,1,1,1,1,0,0,0,0,0,0,0,0,0,NA,NA,NA,NA,NA,4,0,0,2,0,0,-1.595392831
P1E,7,1,4,5,0,1,1,1,1,1,1,0,0,0,0,0,0,0,0,0,NA,NA,NA,6,0,0,4,0,0,-1.595392831
PEC,7,0,3,3,0,1,1,1,1,0,0,0,0,0,1,1,0,0,NA,NA,NA,NA,NA,4,3,0.75,2,0,0,-0.845392831
RUM,7,1,5,6,0,1,1,1,1,1,1,0,0,0,0,0,0,1,1,1,NA,NA,NA,6,2,0.333333333,4,3,0.75,-1.262059497
SIM,7,0,1,1,0,1,1,1,1,0,0,0,0,0,1,1,0,0,NA,NA,NA,NA,NA,4,2,0.5,2,0,0,-1.095392831
SSG,7,0,4,4,0,1,1,1,1,1,1,0,0,0,1,1,1,1,1,1,NA,NA,NA,6,6,1,4,4,1,-0.595392831
TS,7,0,0,0,0,1,1,1,1,0,0,0,0,0,0,0,0,0,NA,NA,NA,NA,NA,4,0,0,2,0,0,-1.595392831
WC,7,0,3,3,0,1,1,1,1,1,1,0,0,0,1,1,1,0,0,0,NA,NA,NA,6,3,0.5,4,1,0.25,-1.095392831
BMG,8,2,1,3,0,1,1,1,1,1,1,0,0,0,0,0,0,0,0,0,NA,NA,NA,6,0,0,4,0,0,-1.595392831
C9,8,0,4,4,0,1,1,1,1,1,0,0,0,0,0,0,1,1,0,NA,NA,NA,NA,5,2,0.4,3,2,0.666666667,-1.195392831
DNL,8,0,0,0,0,1,1,1,0,0,0,0,0,0,0,0,0,NA,NA,NA,NA,NA,NA,3,0,0,1,0,0,-1.595392831
END,8,5,2,7,0,1,1,1,1,1,1,1,1,1,0,0,0,1,0,0,1,0,0,9,2,0.222222222,5,1,0.2,-1.373170608
EU,8,1,5,6,0,1,1,1,1,1,1,0,0,0,1,0,1,0,0,0,NA,NA,NA,6,2,0.333333333,4,1,0.25,-1.262059497
EXG,8,0,3,3,0,1,1,1,1,1,0,0,0,0,1,1,1,1,0,NA,NA,NA,NA,5,4,0.8,3,2,0.666666667,-0.795392831
GG,8,0,0,0,0,1,1,1,1,0,0,0,0,0,1,1,1,0,NA,NA,NA,NA,NA,4,3,0.75,2,1,0.5,-0.845392831
LZR,8,0,3,3,0,1,1,1,1,0,0,0,0,0,0,0,0,0,NA,NA,NA,NA,NA,4,0,0,2,0,0,-1.595392831
NV,8,6,4,10,0,1,1,1,1,1,1,1,1,1,1,1,1,0,0,0,0,1,0,9,5,0.555555556,5,1,0.2,-1.039837275
P1E,8,0,2,2,0,1,1,1,1,0,0,0,0,0,1,0,0,0,NA,NA,NA,NA,NA,4,2,0.5,2,0,0,-1.095392831
PEC,8,4,2,6,0,1,1,1,1,1,1,1,1,0,1,1,1,1,1,1,1,1,NA,8,7,0.875,4,4,1,-0.720392831
RUM,8,10,13,23,1,1,1,1,1,1,1,1,1,1,1,1,1,1,1,1,0,0,1,9,6,0.666666667,5,5,1,-0.928726164
SIM,8,0,2,2,0,1,1,1,1,1,0,0,0,0,0,0,0,0,0,NA,NA,NA,NA,5,0,0,3,0,0,-1.595392831
SSG,8,1,4,5,0,1,1,1,1,1,1,0,0,0,0,0,0,0,1,0,NA,NA,NA,6,1,0.166666667,4,1,0.25,-1.428726164
TS,8,0,0,0,0,1,1,1,1,0,0,0,0,0,0,0,1,0,NA,NA,NA,NA,NA,4,1,0.25,2,1,0.5,-1.345392831
WC,8,3,9,12,0,1,1,1,1,1,1,1,0,0,0,0,1,1,1,1,0,NA,NA,7,4,0.571428571,4,4,1,-1.023964259
BMG,9,6,7,13,0,1,1,1,1,1,1,1,1,1,0,0,1,1,1,0,1,0,0,9,4,0.444444444,5,3,0.6,-1.150948386
C9,9,1,3,4,0,1,1,1,1,1,1,0,0,0,0,0,0,0,0,0,NA,NA,NA,6,0,0,4,0,0,-1.595392831
DNL,9,3,1,4,0,1,1,1,1,1,1,1,0,0,0,1,0,1,1,1,1,NA,NA,7,5,0.714285714,4,3,0.75,-0.881107116
END,9,5,10,15,0,1,1,1,1,1,1,1,1,0,0,1,0,1,1,1,1,1,NA,8,6,0.75,4,3,0.75,-0.845392831
EU,9,0,0,0,0,1,1,1,1,0,0,0,0,0,1,0,0,0,NA,NA,NA,NA,NA,4,1,0.25,2,0,0,-1.345392831
EXG,9,0,3,3,0,1,1,1,1,0,0,0,0,0,0,0,1,0,NA,NA,NA,NA,NA,4,1,0.25,2,1,0.5,-1.345392831
GG,9,4,13,17,0,1,1,1,1,1,1,1,1,0,1,0,1,1,1,0,1,1,NA,8,6,0.75,4,3,0.75,-0.845392831
LZR,9,2,1,3,0,1,1,1,1,1,1,0,0,0,1,1,0,1,1,0,NA,NA,NA,6,4,0.666666667,4,2,0.5,-0.928726164
NV,9,0,1,1,0,1,0,0,0,0,0,0,0,0,1,NA,NA,NA,NA,NA,NA,NA,NA,1,1,1,0,0,NA,-0.595392831
P1E,9,1,5,6,0,1,1,1,1,1,0,0,0,0,0,0,0,0,0,NA,NA,NA,NA,5,0,0,3,0,0,-1.595392831
PEC,9,0,0,0,0,1,1,1,0,0,0,0,0,0,1,0,0,NA,NA,NA,NA,NA,NA,3,1,0.333333333,1,0,0,-1.262059497
RUM,9,10,10,20,1,1,1,1,1,1,1,1,1,1,1,0,0,1,1,1,1,1,1,9,7,0.777777778,5,4,0.8,-0.817615053
SIM,9,0,2,2,0,1,1,1,1,0,0,0,0,0,0,1,0,0,NA,NA,NA,NA,NA,4,1,0.25,2,0,0,-1.345392831
SSG,9,0,0,0,0,1,1,1,1,1,0,0,0,0,0,0,0,0,0,NA,NA,NA,NA,5,0,0,3,0,0,-1.595392831
TS,9,0,0,0,0,1,1,1,0,0,0,0,0,0,0,1,0,NA,NA,NA,NA,NA,NA,3,1,0.333333333,1,0,0,-1.262059497
WC,9,0,5,5,0,1,1,1,1,0,0,0,0,0,0,0,0,0,NA,NA,NA,NA,NA,4,0,0,2,0,0,-1.595392831
BMG,10,1,2,3,0,1,1,1,1,1,1,0,0,0,0,0,0,0,0,0,NA,NA,NA,6,0,0,4,0,0,-1.595392831
C9,10,0,2,2,0,1,1,1,1,1,0,0,0,0,1,1,0,0,0,NA,NA,NA,NA,5,2,0.4,3,0,0,-1.195392831
DNL,10,3,1,4,0,1,1,1,1,1,1,1,1,0,0,0,0,1,1,1,1,0,NA,8,4,0.5,4,3,0.75,-1.095392831
END,10,2,6,8,0,1,1,1,1,1,1,1,0,0,1,1,1,1,1,1,0,NA,NA,7,6,0.857142857,4,4,1,-0.738249973
EU,10,0,0,0,0,1,1,1,1,0,0,0,0,0,1,1,0,0,NA,NA,NA,NA,NA,4,2,0.5,2,0,0,-1.095392831
EXG,10,1,2,3,0,1,1,1,1,1,1,0,0,0,1,1,1,0,0,0,NA,NA,NA,6,3,0.5,4,1,0.25,-1.095392831
GG,10,6,9,15,0,1,1,1,1,1,1,1,1,1,1,0,0,1,1,1,0,0,0,9,4,0.444444444,5,3,0.6,-1.150948386
LZR,10,4,1,5,0,1,1,1,1,1,1,1,1,0,1,0,1,1,1,1,1,1,NA,8,7,0.875,4,4,1,-0.720392831
NV,10,0,4,4,0,1,1,1,1,1,0,0,0,0,0,0,1,0,0,NA,NA,NA,NA,5,1,0.2,3,1,0.333333333,-1.395392831
P1E,10,0,2,2,0,1,1,1,1,1,1,0,0,0,1,0,1,1,1,0,NA,NA,NA,6,4,0.666666667,4,3,0.75,-0.928726164
PEC,10,0,4,4,0,1,1,1,1,1,0,0,0,0,1,0,1,0,0,NA,NA,NA,NA,5,2,0.4,3,1,0.333333333,-1.195392831
RUM,10,5,12,17,0,1,1,1,1,1,1,1,1,1,1,1,1,1,1,0,0,0,0,9,5,0.555555556,5,3,0.6,-1.039837275
SIM,10,10,7,17,1,1,1,1,1,1,1,1,1,1,1,1,1,1,1,1,0,1,1,9,8,0.888888889,5,5,1,-0.706503942
SSG,10,0,6,6,0,1,1,1,1,1,0,0,0,0,0,1,1,1,0,NA,NA,NA,NA,5,3,0.6,3,2,0.666666667,-0.995392831
TS,10,0,3,3,0,1,1,1,1,1,0,0,0,0,0,0,0,0,0,NA,NA,NA,NA,5,0,0,3,0,0,-1.595392831
WC,10,0,0,0,0,1,1,1,1,0,0,0,0,0,0,0,1,0,NA,NA,NA,NA,NA,4,1,0.25,2,1,0.5,-1.345392831
BMG,11,0,1,1,0,1,1,1,1,0,0,0,0,0,1,1,1,0,NA,NA,NA,NA,NA,4,3,0.75,2,1,0.5,-0.845392831
C9,11,0,2,2,0,1,1,1,1,1,0,0,0,0,1,1,1,0,0,NA,NA,NA,NA,5,3,0.6,3,1,0.333333333,-0.995392831
DNL,11,0,0,0,0,1,1,1,1,1,0,0,0,0,1,1,1,0,0,NA,NA,NA,NA,5,3,0.6,3,1,0.333333333,-0.995392831
END,11,6,10,16,0,1,1,1,1,1,1,1,1,1,0,0,1,1,1,0,0,0,0,9,3,0.333333333,5,3,0.6,-1.262059497
EU,11,0,2,2,0,1,1,1,1,1,0,0,0,0,1,0,0,0,0,NA,NA,NA,NA,5,1,0.2,3,0,0,-1.395392831
EXG,11,0,5,5,0,1,1,1,1,1,0,0,0,0,0,0,0,0,0,NA,NA,NA,NA,5,0,0,3,0,0,-1.595392831
GG,11,0,5,5,0,1,1,1,1,1,1,0,0,0,1,1,1,0,0,0,NA,NA,NA,6,3,0.5,4,1,0.25,-1.095392831
LZR,11,3,3,6,0,1,1,1,1,1,1,1,0,0,1,1,1,1,1,1,0,NA,NA,7,6,0.857142857,4,4,1,-0.738249973
NV,11,5,3,8,0,1,1,1,1,1,1,1,1,0,1,0,0,0,0,1,0,0,NA,8,2,0.25,4,1,0.25,-1.345392831
P1E,11,10,8,18,1,1,1,1,1,1,1,1,1,1,1,0,0,1,1,1,1,0,1,9,6,0.666666667,5,4,0.8,-0.928726164
PEC,11,1,3,4,0,1,1,1,1,1,1,0,0,0,1,1,1,1,0,0,NA,NA,NA,6,4,0.666666667,4,2,0.5,-0.928726164
RUM,11,1,2,3,0,1,1,1,1,1,1,0,0,0,0,0,0,0,0,0,NA,NA,NA,6,0,0,4,0,0,-1.595392831
SIM,11,0,1,1,0,1,1,1,0,0,0,0,0,0,1,0,0,NA,NA,NA,NA,NA,NA,3,1,0.333333333,1,0,0,-1.262059497
SSG,11,2,4,6,0,1,1,1,1,1,1,1,0,0,0,1,0,0,0,1,0,NA,NA,7,2,0.285714286,4,1,0.25,-1.309678545
TS,11,0,4,4,0,1,1,1,1,1,0,0,0,0,0,0,1,0,0,NA,NA,NA,NA,5,1,0.2,3,1,0.333333333,-1.395392831
WC,11,4,6,10,0,1,1,1,1,1,1,1,0,0,1,1,1,1,1,1,0,NA,NA,7,6,0.857142857,4,4,1,-0.738249973
BMG,12,5,1,6,0,1,1,1,1,1,1,1,1,1,1,0,0,0,0,0,0,0,0,9,1,0.111111111,5,0,0,-1.484281719
C9,12,1,6,7,0,1,1,1,1,1,1,0,0,0,1,1,1,0,1,1,NA,NA,NA,6,5,0.833333333,4,3,0.75,-0.762059497
DNL,12,0,4,4,0,1,1,1,1,1,0,0,0,0,1,0,1,0,0,NA,NA,NA,NA,5,2,0.4,3,1,0.333333333,-1.195392831
END,12,0,2,2,0,1,1,1,1,1,1,0,0,0,0,0,0,0,0,0,NA,NA,NA,6,0,0,4,0,0,-1.595392831
EU,12,1,5,6,0,1,1,1,1,1,1,0,0,0,1,1,1,0,1,0,NA,NA,NA,6,4,0.666666667,4,2,0.5,-0.928726164
EXG,12,0,0,0,0,1,1,1,1,0,0,0,0,0,0,0,0,0,NA,NA,NA,NA,NA,4,0,0,2,0,0,-1.595392831
GG,12,4,6,10,0,1,1,1,1,1,1,1,0,0,1,1,1,0,0,0,0,NA,NA,7,3,0.428571429,4,1,0.25,-1.166821402
LZR,12,0,2,2,0,1,1,1,1,0,0,0,0,0,1,1,1,1,NA,NA,NA,NA,NA,4,4,1,2,2,1,-0.595392831
NV,12,0,0,0,0,1,1,1,1,0,0,0,0,0,0,0,0,0,NA,NA,NA,NA,NA,4,0,0,2,0,0,-1.595392831
P1E,12,10,9,19,1,1,1,1,1,1,1,1,1,1,0,0,1,0,1,1,1,1,1,9,6,0.666666667,5,4,0.8,-0.928726164
PEC,12,0,4,4,0,1,1,1,1,1,0,0,0,0,1,1,1,1,0,NA,NA,NA,NA,5,4,0.8,3,2,0.666666667,-0.795392831
RUM,12,3,4,7,0,1,1,1,1,1,1,1,0,0,0,0,0,0,0,0,0,NA,NA,7,0,0,4,0,0,-1.595392831
SIM,12,2,5,7,0,1,1,1,1,1,1,1,0,0,1,0,0,0,0,0,0,NA,NA,7,1,0.142857143,4,0,0,-1.452535688
SSG,12,0,2,2,0,1,1,1,1,0,0,0,0,0,1,0,0,0,NA,NA,NA,NA,NA,4,1,0.25,2,0,0,-1.345392831
TS,12,6,7,13,0,1,1,1,1,1,1,1,1,1,0,0,1,1,1,1,1,1,NA,9,6,0.666666667,5,4,0.8,-0.928726164
WC,12,0,4,4,0,1,1,1,1,0,0,0,0,0,0,0,0,0,NA,NA,NA,NA,NA,4,0,0,2,0,0,-1.595392831
BMG,13,0,2,2,0,1,1,1,1,1,0,0,0,0,1,1,1,0,0,NA,NA,NA,NA,5,3,0.6,3,1,0.333333333,-0.995392831
C9,13,5,6,11,0,1,1,1,1,1,1,1,1,0,1,1,1,1,1,0,1,1,NA,8,7,0.875,4,3,0.75,-0.720392831
DNL,13,1,2,3,0,1,1,1,1,1,1,0,0,0,1,0,1,0,0,0,NA,NA,NA,6,2,0.333333333,4,1,0.25,-1.262059497
END,13,3,5,8,0,1,1,1,1,1,1,0,0,0,1,1,1,1,0,0,NA,NA,NA,6,4,0.666666667,4,2,0.5,-0.928726164
EU,13,0,4,4,0,1,1,1,1,1,0,0,0,0,0,0,0,0,0,NA,NA,NA,NA,5,0,0,3,0,0,-1.595392831
EXG,13,1,4,5,0,1,1,1,1,1,1,0,0,0,0,0,1,1,0,0,NA,NA,NA,6,2,0.333333333,4,2,0.5,-1.262059497
GG,13,0,3,3,0,1,1,1,1,1,0,0,0,0,0,0,0,0,0,NA,NA,NA,NA,5,0,0,3,0,0,-1.595392831
LZR,13,2,3,5,0,1,1,1,1,1,1,0,0,0,0,0,0,1,0,0,NA,NA,NA,6,1,0.166666667,4,1,0.25,-1.428726164
NV,13,0,1,1,0,1,1,1,0,0,0,0,0,0,0,0,0,NA,NA,NA,NA,NA,NA,3,0,0,1,0,0,-1.595392831
P1E,13,6,2,8,0,1,1,1,1,1,1,1,1,0,1,1,1,1,1,1,0,0,NA,8,6,0.75,4,4,1,-0.845392831
PEC,13,0,0,0,0,1,1,1,1,0,0,0,0,0,0,0,0,0,NA,NA,NA,NA,NA,4,0,0,2,0,0,-1.595392831
RUM,13,0,6,6,0,1,1,1,1,0,0,0,0,0,0,0,0,0,NA,NA,NA,NA,NA,4,0,0,2,0,0,-1.595392831
SIM,13,0,1,1,0,1,1,1,1,1,0,0,0,0,1,1,0,0,0,NA,NA,NA,NA,5,2,0.4,3,0,0,-1.195392831
SSG,13,0,0,0,0,1,1,1,1,1,0,0,0,0,1,0,1,0,0,NA,NA,NA,NA,5,2,0.4,3,1,0.333333333,-1.195392831
TS,13,10,16,26,1,1,1,1,1,1,1,1,1,0,1,1,0,1,1,0,1,1,NA,8,6,0.75,4,2,0.5,-0.845392831
WC,13,4,1,5,0,1,1,1,1,1,1,0,0,0,1,1,1,1,0,0,NA,NA,NA,6,4,0.666666667,4,2,0.5,-0.928726164
BMG,14,0,0,0,0,1,1,1,1,1,0,0,0,0,0,0,0,0,0,NA,NA,NA,NA,5,0,0,3,0,0,-1.595392831
C9,14,0,2,2,0,1,1,1,1,0,0,0,0,0,1,1,1,0,NA,NA,NA,NA,NA,4,3,0.75,2,1,0.5,-0.845392831
DNL,14,10,3,13,1,1,1,1,1,1,1,1,1,1,0,0,0,1,1,1,1,1,0,9,5,0.555555556,5,3,0.6,-1.039837275
END,14,2,0,2,0,1,1,1,1,1,1,1,0,0,1,0,0,1,0,0,0,NA,NA,7,2,0.285714286,4,1,0.25,-1.309678545
EU,14,4,4,8,0,1,1,1,1,1,1,1,1,0,1,1,1,1,1,1,0,0,NA,8,6,0.75,4,4,1,-0.845392831
EXG,14,0,5,5,0,1,1,1,1,1,0,0,0,0,1,1,0,0,0,NA,NA,NA,NA,5,2,0.4,3,0,0,-1.195392831
GG,14,0,3,3,0,1,1,1,1,1,0,0,0,0,0,1,0,0,0,NA,NA,NA,NA,5,1,0.2,3,0,0,-1.395392831
LZR,14,1,5,6,0,1,1,1,1,1,1,0,0,0,0,0,1,0,1,0,NA,NA,NA,6,2,0.333333333,4,2,0.5,-1.262059497
NV,14,0,1,1,0,1,1,1,1,1,0,0,0,0,0,1,1,1,0,NA,NA,NA,NA,5,3,0.6,3,2,0.666666667,-0.995392831
P1E,14,3,6,9,0,1,1,1,1,1,1,1,0,0,0,1,1,1,0,0,1,NA,NA,7,4,0.571428571,4,2,0.5,-1.023964259
PEC,14,0,2,2,0,1,1,1,1,0,0,0,0,0,0,0,0,0,NA,NA,NA,NA,NA,4,0,0,2,0,0,-1.595392831
RUM,14,6,8,14,0,1,1,1,1,1,1,1,1,1,1,1,1,0,1,0,0,1,0,9,5,0.555555556,5,2,0.4,-1.039837275
SIM,14,5,4,9,0,1,1,1,1,1,1,1,1,1,0,1,0,1,1,1,1,1,1,9,7,0.777777778,5,4,0.8,-0.817615053
SSG,14,0,7,7,0,1,1,1,1,0,0,0,0,0,1,1,1,1,NA,NA,NA,NA,NA,4,4,1,2,2,1,-0.595392831
TS,14,0,4,4,0,1,1,1,1,1,0,0,0,0,0,1,1,1,0,NA,NA,NA,NA,5,3,0.6,3,2,0.666666667,-0.995392831
WC,14,1,8,9,0,1,1,1,1,1,1,1,0,0,1,1,1,1,0,0,0,NA,NA,7,4,0.571428571,4,2,0.5,-1.023964259
BMG,15,0,1,1,0,1,1,1,0,0,0,0,0,0,0,0,0,NA,NA,NA,NA,NA,NA,3,0,0,1,0,0,-1.595392831
C9,15,0,2,2,0,1,1,1,0,0,0,0,0,0,0,0,0,NA,NA,NA,NA,NA,NA,3,0,0,1,0,0,-1.595392831
DNL,15,0,1,1,0,1,1,1,0,0,0,0,0,0,1,1,0,NA,NA,NA,NA,NA,NA,3,2,0.666666667,1,0,0,-0.928726164
END,15,3,2,5,0,1,1,1,1,1,1,1,1,0,0,0,0,0,0,0,1,0,NA,8,1,0.125,4,0,0,-1.470392831
EU,15,0,5,5,0,1,1,1,0,0,0,0,0,0,1,0,0,NA,NA,NA,NA,NA,NA,3,1,0.333333333,1,0,0,-1.262059497
EXG,15,1,5,6,0,1,1,1,1,1,0,0,0,0,1,0,0,0,0,NA,NA,NA,NA,5,1,0.2,3,0,0,-1.395392831
GG,15,6,3,9,0,1,1,1,1,1,1,1,1,1,1,1,1,1,1,1,0,1,0,9,7,0.777777778,5,4,0.8,-0.817615053
LZR,15,10,7,17,1,1,1,1,1,1,1,1,1,1,0,0,1,1,1,1,1,1,0,9,6,0.666666667,5,4,0.8,-0.928726164
NV,15,5,8,13,0,1,1,1,1,1,1,1,1,1,0,0,1,1,1,1,1,1,0,9,6,0.666666667,5,4,0.8,-0.928726164
P1E,15,0,2,2,0,1,1,1,0,0,0,0,0,0,1,0,0,NA,NA,NA,NA,NA,NA,3,1,0.333333333,1,0,0,-1.262059497
PEC,15,0,0,0,0,1,1,1,1,0,0,0,0,0,0,0,0,0,NA,NA,NA,NA,NA,4,0,0,2,0,0,-1.595392831
RUM,15,0,2,2,0,1,1,1,1,0,0,0,0,0,1,0,0,0,NA,NA,NA,NA,NA,4,1,0.25,2,0,0,-1.345392831
SIM,15,1,10,11,0,1,1,1,1,1,0,0,0,0,0,0,0,0,0,NA,NA,NA,NA,5,0,0,3,0,0,-1.595392831
SSG,15,0,4,4,0,1,1,1,1,0,0,0,0,0,0,0,0,0,NA,NA,NA,NA,NA,4,0,0,2,0,0,-1.595392831
TS,15,2,1,3,0,1,1,1,1,1,1,0,0,0,1,1,1,1,1,0,NA,NA,NA,6,5,0.833333333,4,3,0.75,-0.762059497
WC,15,4,3,7,0,1,1,1,1,1,1,1,1,0,0,0,0,0,0,0,0,0,NA,8,0,0,4,0,0,-1.595392831
BMG,16,0,2,2,0,1,1,1,1,1,0,0,0,0,0,1,1,1,1,NA,NA,NA,NA,5,4,0.8,3,3,1,-0.795392831
C9,16,10,11,21,1,1,1,1,1,1,1,1,1,1,1,1,0,1,1,1,1,1,1,9,8,0.888888889,5,4,0.8,-0.706503942
DNL,16,0,1,1,0,1,1,1,1,1,0,0,0,0,1,1,0,0,0,NA,NA,NA,NA,5,2,0.4,3,0,0,-1.195392831
END,16,1,6,7,0,1,1,1,1,1,0,0,0,0,0,1,1,0,0,NA,NA,NA,NA,5,2,0.4,3,1,0.333333333,-1.195392831
EU,16,6,8,14,0,1,1,1,1,1,1,1,1,1,1,1,1,1,0,1,0,0,0,9,5,0.555555556,5,3,0.6,-1.039837275
EXG,16,0,1,1,0,1,1,1,1,0,0,0,0,0,1,0,0,0,NA,NA,NA,NA,NA,4,1,0.25,2,0,0,-1.345392831
GG,16,0,3,3,0,1,1,1,1,1,0,0,0,0,1,1,1,1,0,NA,NA,NA,NA,5,4,0.8,3,2,0.666666667,-0.795392831
LZR,16,0,2,2,0,1,1,1,1,1,0,0,0,0,1,1,1,0,0,NA,NA,NA,NA,5,3,0.6,3,1,0.333333333,-0.995392831
NV,16,3,5,8,0,1,1,1,1,1,1,1,0,0,1,1,1,1,0,0,0,NA,NA,7,4,0.571428571,4,2,0.5,-1.023964259
P1E,16,0,0,0,0,1,1,1,1,0,0,0,0,0,1,1,0,0,NA,NA,NA,NA,NA,4,2,0.5,2,0,0,-1.095392831
PEC,16,4,1,5,0,1,1,1,1,1,1,1,0,0,1,1,1,1,1,0,0,NA,NA,7,5,0.714285714,4,3,0.75,-0.881107116
RUM,16,0,2,2,0,1,1,1,1,0,0,0,0,0,1,0,1,0,NA,NA,NA,NA,NA,4,2,0.5,2,1,0.5,-1.095392831
SIM,16,5,6,11,0,1,1,1,1,1,1,1,1,1,1,1,1,1,1,1,1,0,0,9,7,0.777777778,5,4,0.8,-0.817615053
SSG,16,1,5,6,0,1,1,1,1,1,1,0,0,0,1,1,1,1,0,0,NA,NA,NA,6,4,0.666666667,4,2,0.5,-0.928726164
TS,16,2,4,6,0,1,1,1,1,1,1,0,0,0,1,1,1,1,1,0,NA,NA,NA,6,5,0.833333333,4,3,0.75,-0.762059497
WC,16,0,1,1,0,1,1,1,1,1,0,0,0,0,1,1,0,0,0,NA,NA,NA,NA,5,2,0.4,3,0,0,-1.195392831
BMG,17,1,0,1,0,1,1,1,1,1,1,0,0,0,1,1,1,1,0,0,NA,NA,NA,6,4,0.666666667,4,2,0.5,-0.928726164
C9,17,4,8,12,0,1,1,1,1,1,1,1,1,0,1,1,1,1,0,1,0,0,NA,8,5,0.625,4,3,0.75,-0.970392831
DNL,17,0,3,3,0,1,1,1,0,0,0,0,0,0,0,1,0,NA,NA,NA,NA,NA,NA,3,1,0.333333333,1,0,0,-1.262059497
END,17,0,4,4,0,1,1,1,1,0,0,0,0,0,0,0,0,0,NA,NA,NA,NA,NA,4,0,0,2,0,0,-1.595392831
EU,17,6,10,16,0,1,1,1,1,1,1,1,1,1,0,0,0,0,0,0,1,0,0,9,1,0.111111111,5,0,0,-1.484281719
EXG,17,0,0,0,0,1,1,1,1,0,0,0,0,0,1,1,0,0,NA,NA,NA,NA,NA,4,2,0.5,2,0,0,-1.095392831
GG,17,0,0,0,0,1,1,1,0,0,0,0,0,0,1,0,0,NA,NA,NA,NA,NA,NA,3,1,0.333333333,1,0,0,-1.262059497
LZR,17,3,7,10,0,1,1,1,1,1,1,1,1,0,0,0,0,1,0,1,1,1,NA,8,4,0.5,4,2,0.5,-1.095392831
NV,17,0,1,1,0,1,1,1,1,0,0,0,0,0,1,1,1,NA,NA,NA,NA,NA,NA,4,3,0.75,2,1,0.5,-0.845392831
P1E,17,5,3,8,0,1,1,1,1,1,1,1,1,1,1,1,1,1,1,1,1,1,0,9,8,0.888888889,5,4,0.8,-0.706503942
PEC,17,0,3,3,0,1,1,1,1,0,0,0,0,0,1,0,0,NA,NA,NA,NA,NA,NA,4,1,0.25,2,0,0,-1.345392831
RUM,17,0,2,2,0,1,1,1,1,1,0,0,0,0,0,0,0,0,0,NA,NA,NA,NA,5,0,0,3,0,0,-1.595392831
SIM,17,2,0,2,0,1,1,1,1,1,1,0,0,0,1,0,1,1,0,0,NA,NA,NA,6,3,0.5,4,2,0.5,-1.095392831
SSG,17,1,6,7,0,1,1,1,1,1,0,0,0,0,0,0,0,0,0,NA,NA,NA,NA,5,0,0,3,0,0,-1.595392831
TS,17,10,8,18,1,1,1,1,1,1,1,1,1,1,1,1,1,1,1,1,1,1,0,9,8,0.888888889,5,4,0.8,-0.706503942
WC,17,0,1,1,0,1,1,0,0,0,0,0,0,0,1,1,NA,NA,NA,NA,NA,NA,NA,2,2,1,0,0,NA,-0.595392831
BMG,18,2,8,10,0,1,1,1,1,1,1,1,0,0,0,1,1,1,1,0,0,NA,NA,7,4,0.571428571,4,3,0.75,-1.023964259
C9,18,0,0,0,0,1,1,1,1,1,0,0,0,0,1,1,1,1,0,NA,NA,NA,NA,5,4,0.8,3,2,0.666666667,-0.795392831
DNL,18,3,1,4,0,1,1,1,1,1,1,1,0,0,1,1,1,1,1,0,0,NA,NA,7,5,0.714285714,4,3,0.75,-0.881107116
END,18,0,1,1,0,1,1,1,1,0,0,0,0,0,0,1,0,0,NA,NA,NA,NA,NA,4,1,0.25,2,0,0,-1.345392831
EU,18,0,0,0,0,1,1,1,1,0,0,0,0,0,0,1,0,0,NA,NA,NA,NA,NA,4,1,0.25,2,0,0,-1.345392831
EXG,18,6,4,10,0,1,1,1,1,1,1,1,1,1,0,0,0,0,0,0,1,1,1,9,3,0.333333333,5,1,0.2,-1.262059497
GG,18,0,0,0,0,1,1,1,1,0,0,0,0,0,1,1,0,0,NA,NA,NA,NA,NA,4,2,0.5,2,0,0,-1.095392831
LZR,18,4,9,13,0,1,1,1,1,1,1,1,0,0,1,1,1,1,0,1,1,NA,NA,7,6,0.857142857,4,3,0.75,-0.738249973
NV,18,0,4,4,0,1,1,1,1,0,0,0,0,0,0,0,0,0,NA,NA,NA,NA,NA,4,0,0,2,0,0,-1.595392831
P1E,18,5,10,15,0,1,1,1,1,1,1,1,1,0,0,0,1,1,0,0,0,0,NA,8,2,0.25,4,2,0.5,-1.345392831
PEC,18,0,4,4,0,1,1,1,1,0,0,0,0,0,1,1,1,0,NA,NA,NA,NA,NA,4,3,0.75,2,1,0.5,-0.845392831
RUM,18,0,4,4,0,1,1,1,1,1,0,0,0,0,0,0,1,1,0,NA,NA,NA,NA,5,2,0.4,3,2,0.666666667,-1.195392831
SIM,18,0,3,3,0,1,1,1,1,1,0,0,0,0,1,1,1,0,0,NA,NA,NA,NA,5,3,0.6,3,1,0.333333333,-0.995392831
SSG,18,10,9,19,1,1,1,1,1,1,1,1,1,1,0,0,0,1,1,1,0,0,0,9,3,0.333333333,5,3,0.6,-1.262059497
TS,18,1,2,3,0,1,1,1,1,1,1,0,0,0,0,0,1,0,0,0,NA,NA,NA,6,1,0.166666667,4,1,0.25,-1.428726164
WC,18,1,0,1,0,1,1,1,1,1,1,0,0,0,0,1,1,0,1,0,NA,NA,NA,6,3,0.5,4,2,0.5,-1.095392831
BMG,19,0,3,3,0,1,1,1,1,1,1,0,0,0,0,1,1,0,0,0,NA,NA,NA,6,2,0.333333333,4,1,0.25,-1.262059497
C9,19,0,1,1,0,1,1,1,1,0,0,0,0,0,1,1,1,0,NA,NA,NA,NA,NA,4,3,0.75,2,1,0.5,-0.845392831
DNL,19,0,0,0,0,1,1,1,1,1,0,0,0,0,0,1,0,0,0,NA,NA,NA,NA,5,1,0.2,3,0,0,-1.395392831
END,19,3,1,4,0,1,1,1,1,1,1,1,0,0,0,0,0,1,0,0,0,NA,NA,7,1,0.142857143,4,1,0.25,-1.452535688
EU,19,0,0,0,0,1,1,1,1,0,0,0,0,0,1,1,0,0,NA,NA,NA,NA,NA,4,2,0.5,2,0,0,-1.095392831
EXG,19,5,4,9,0,1,1,1,1,1,1,1,0,0,1,1,1,1,1,0,0,NA,NA,7,5,0.714285714,4,3,0.75,-0.881107116
GG,19,10,11,21,1,1,1,1,1,1,1,1,1,0,1,1,1,1,1,0,0,1,NA,8,6,0.75,4,3,0.75,-0.845392831
LZR,19,0,0,0,0,1,1,1,1,0,0,0,0,0,0,1,0,0,NA,NA,NA,NA,NA,4,1,0.25,2,0,0,-1.345392831
NV,19,1,4,5,0,1,1,1,1,1,1,0,0,0,1,0,1,1,1,1,NA,NA,NA,6,5,0.833333333,4,4,1,-0.762059497
P1E,19,1,0,1,0,1,1,1,1,1,1,0,0,0,1,1,1,0,1,0,NA,NA,NA,6,4,0.666666667,4,2,0.5,-0.928726164
PEC,19,4,4,8,0,1,1,1,1,1,1,1,0,0,0,0,1,0,0,0,0,NA,NA,7,1,0.142857143,4,1,0.25,-1.452535688
RUM,19,0,0,0,0,1,1,1,1,0,0,0,0,0,1,0,0,0,NA,NA,NA,NA,NA,4,1,0.25,2,0,0,-1.345392831
SIM,19,0,4,4,0,1,1,1,1,1,0,0,0,0,0,0,1,0,0,NA,NA,NA,NA,5,1,0.2,3,1,0.333333333,-1.395392831
SSG,19,2,7,9,0,1,1,1,1,1,1,1,0,0,0,0,0,0,0,0,0,NA,NA,7,0,0,4,0,0,-1.595392831
TS,19,6,16,22,0,1,1,1,1,1,1,1,1,0,1,1,1,1,0,0,0,0,NA,8,4,0.5,4,2,0.5,-1.095392831
WC,19,0,5,5,0,1,1,1,1,1,1,0,0,0,0,0,1,1,0,0,NA,NA,NA,6,2,0.333333333,4,2,0.5,-1.262059497
BMG,20,0,1,1,0,1,1,1,1,1,0,0,0,0,1,1,0,1,0,NA,NA,NA,NA,5,3,0.6,3,1,0.333333333,-0.995392831
C9,20,3,6,9,0,1,1,1,1,1,1,1,0,0,1,0,0,1,0,0,0,NA,NA,7,2,0.285714286,4,1,0.25,-1.309678545
DNL,20,5,6,11,0,1,1,1,1,1,1,1,1,0,1,1,1,1,1,1,1,0,NA,8,7,0.875,4,4,1,-0.720392831
END,20,0,2,2,0,1,1,1,1,1,0,0,0,0,1,0,0,0,0,NA,NA,NA,NA,5,1,0.2,3,0,0,-1.395392831
EU,20,4,4,8,0,1,1,1,1,1,1,1,0,0,1,1,1,0,0,1,0,NA,NA,7,4,0.571428571,4,2,0.5,-1.023964259
EXG,20,2,1,3,0,1,1,1,1,1,1,1,0,0,1,0,1,0,0,0,0,NA,NA,7,2,0.285714286,4,1,0.25,-1.309678545
GG,20,0,3,3,0,1,1,1,1,0,0,0,0,0,1,1,1,0,NA,NA,NA,NA,NA,4,3,0.75,2,1,0.5,-0.845392831
LZR,20,10,6,16,1,1,1,1,1,1,1,1,1,1,1,1,1,1,1,1,0,0,0,9,6,0.666666667,5,4,0.8,-0.928726164
NV,20,0,1,1,0,1,1,1,1,0,0,0,0,0,0,0,0,0,NA,NA,NA,NA,NA,4,0,0,2,0,0,-1.595392831
P1E,20,1,4,5,0,1,1,1,1,1,1,0,0,0,1,0,0,0,0,1,NA,NA,NA,6,2,0.333333333,4,1,0.25,-1.262059497
PEC,20,6,9,15,0,1,1,1,1,1,1,1,1,1,1,1,1,1,0,0,1,1,1,9,7,0.777777778,5,3,0.6,-0.817615053
RUM,20,0,0,0,0,1,1,1,1,0,0,0,0,0,1,1,0,0,NA,NA,NA,NA,NA,4,2,0.5,2,0,0,-1.095392831
SIM,20,0,4,4,0,1,1,1,1,1,0,0,0,0,1,0,0,0,0,NA,NA,NA,NA,5,1,0.2,3,0,0,-1.395392831
SSG,20,0,7,7,0,1,1,1,1,1,1,0,0,0,1,1,0,1,0,1,NA,NA,NA,6,4,0.666666667,4,2,0.5,-0.928726164
TS,20,0,2,2,0,1,1,1,1,0,0,0,0,0,1,0,0,0,NA,NA,NA,NA,NA,4,1,0.25,2,0,0,-1.345392831
WC,20,1,4,5,0,1,1,1,1,1,1,1,0,0,0,0,0,0,0,0,0,NA,NA,7,0,0,4,0,0,-1.595392831
BMG,21,0,0,0,0,1,1,1,1,0,0,0,0,0,0,0,0,0,NA,NA,NA,NA,NA,4,0,0,2,0,0,-1.595392831
C9,21,5,6,11,0,1,1,1,1,1,1,1,1,0,0,1,1,1,1,0,0,0,NA,8,4,0.5,4,3,0.75,-1.095392831
DNL,21,0,1,1,0,1,1,1,1,0,0,0,0,0,0,0,0,0,NA,NA,NA,NA,NA,4,0,0,2,0,0,-1.595392831
END,21,6,12,18,0,1,1,1,1,1,1,1,1,1,0,1,1,0,1,1,0,1,0,9,5,0.555555556,5,3,0.6,-1.039837275
EU,21,0,0,0,0,1,1,1,1,0,0,0,0,0,1,1,0,0,NA,NA,NA,NA,NA,4,2,0.5,2,0,0,-1.095392831
EXG,21,4,7,11,0,1,1,1,1,1,1,1,0,0,0,1,1,1,1,1,0,NA,NA,7,5,0.714285714,4,4,1,-0.881107116
GG,21,2,4,6,0,1,1,1,1,1,1,0,0,0,1,1,1,1,1,0,NA,NA,NA,6,5,0.833333333,4,3,0.75,-0.762059497
LZR,21,0,1,1,0,1,1,1,1,0,0,0,0,0,1,0,0,0,NA,NA,NA,NA,NA,4,1,0.25,2,0,0,-1.345392831
NV,21,0,3,3,0,1,1,1,1,1,0,0,0,0,1,1,1,0,0,NA,NA,NA,NA,5,3,0.6,3,1,0.333333333,-0.995392831
P1E,21,3,4,7,0,1,1,1,1,1,1,1,0,0,0,1,1,1,1,1,0,NA,NA,7,5,0.714285714,4,4,1,-0.881107116
PEC,21,0,1,1,0,1,1,1,1,1,0,0,0,0,1,1,0,1,0,NA,NA,NA,NA,5,3,0.6,3,1,0.333333333,-0.995392831
RUM,21,10,9,19,1,1,1,1,1,1,1,1,1,1,1,1,1,1,1,1,0,0,0,9,6,0.666666667,5,4,0.8,-0.928726164
SIM,21,0,1,1,0,1,1,1,1,1,0,0,0,0,1,1,0,0,0,NA,NA,NA,NA,5,2,0.4,3,0,0,-1.195392831
SSG,21,1,2,3,0,1,1,1,1,1,1,0,0,0,0,1,1,1,0,0,NA,NA,NA,6,3,0.5,4,2,0.5,-1.095392831
TS,21,1,3,4,0,1,1,1,1,1,1,0,0,0,0,0,0,1,1,0,NA,NA,NA,6,2,0.333333333,4,2,0.5,-1.262059497
WC,21,0,6,6,0,1,1,1,1,0,0,0,0,0,0,1,0,0,NA,NA,NA,NA,NA,4,1,0.25,2,0,0,-1.345392831
BMG,22,0,0,0,0,1,1,1,1,1,0,0,0,0,0,1,1,1,1,NA,NA,NA,NA,5,4,0.8,3,3,1,-0.795392831
C9,22,5,4,9,0,1,1,1,1,1,1,1,1,1,1,1,0,1,0,1,1,1,0,9,6,0.666666667,5,2,0.4,-0.928726164
DNL,22,1,7,8,0,1,1,1,1,1,1,0,0,0,1,0,0,0,1,0,NA,NA,NA,6,2,0.333333333,4,1,0.25,-1.262059497
END,22,10,8,18,1,1,1,1,1,1,1,1,1,1,1,1,1,1,1,1,0,0,0,9,6,0.666666667,5,4,0.8,-0.928726164
EU,22,0,2,2,0,1,1,1,1,1,1,0,0,0,1,0,0,0,0,0,NA,NA,NA,6,1,0.166666667,4,0,0,-1.428726164
EXG,22,0,2,2,0,1,1,1,1,1,0,0,0,0,0,0,0,1,0,NA,NA,NA,NA,5,1,0.2,3,1,0.333333333,-1.395392831
GG,22,1,2,3,0,1,1,1,1,1,1,0,0,0,1,0,1,0,0,0,NA,NA,NA,6,2,0.333333333,4,1,0.25,-1.262059497
LZR,22,0,2,2,0,1,1,1,1,1,0,0,0,0,1,0,0,0,0,NA,NA,NA,NA,5,1,0.2,3,0,0,-1.395392831
NV,22,0,1,1,0,1,1,1,1,0,0,0,0,0,1,1,1,0,NA,NA,NA,NA,NA,4,3,0.75,2,1,0.5,-0.845392831
P1E,22,4,1,5,0,1,1,1,1,1,1,1,1,0,0,0,0,0,1,1,0,0,NA,8,2,0.25,4,2,0.5,-1.345392831
PEC,22,0,3,3,0,1,1,1,1,0,0,0,0,0,1,1,0,0,NA,NA,NA,NA,NA,4,2,0.5,2,0,0,-1.095392831
RUM,22,6,12,18,0,1,1,1,1,1,1,1,1,1,1,0,0,1,1,0,0,1,0,9,4,0.444444444,5,2,0.4,-1.150948386
SIM,22,0,2,2,0,1,1,1,1,1,0,0,0,0,1,1,1,0,0,NA,NA,NA,NA,5,3,0.6,3,1,0.333333333,-0.995392831
SSG,22,2,6,8,0,1,1,1,1,1,1,1,0,0,1,1,1,1,0,0,0,NA,NA,7,4,0.571428571,4,2,0.5,-1.023964259
TS,22,0,5,5,0,1,1,1,1,1,1,0,0,0,0,0,0,0,0,0,NA,NA,NA,6,0,0,4,0,0,-1.595392831
WC,22,3,2,5,0,1,1,1,1,1,1,1,0,0,1,0,1,0,1,1,1,NA,NA,7,5,0.714285714,4,3,0.75,-0.881107116
BMG,23,0,4,4,0,1,1,1,1,1,1,0,0,0,1,0,1,1,1,1,NA,NA,NA,6,5,0.833333333,4,4,1,-0.762059497
C9,23,0,3,3,0,1,1,1,1,1,0,0,0,0,1,1,1,1,0,NA,NA,NA,NA,5,4,0.8,3,2,0.666666667,-0.795392831
DNL,23,1,2,3,0,1,1,1,1,1,1,0,0,0,1,1,1,1,0,0,NA,NA,NA,6,4,0.666666667,4,2,0.5,-0.928726164
END,23,0,0,0,0,1,1,1,1,0,0,0,0,0,0,0,0,0,NA,NA,NA,NA,NA,4,0,0,2,0,0,-1.595392831
EU,23,0,0,0,0,1,1,1,1,1,0,0,0,0,1,1,1,0,0,NA,NA,NA,NA,5,3,0.6,3,1,0.333333333,-0.995392831
EXG,23,3,2,5,0,1,1,1,1,1,1,1,0,0,0,1,1,0,0,0,0,NA,NA,7,2,0.285714286,4,1,0.25,-1.309678545
GG,23,5,12,17,0,1,1,1,1,1,1,1,1,1,1,0,1,0,1,1,1,1,0,9,6,0.666666667,5,3,0.6,-0.928726164
LZR,23,0,1,1,0,1,1,1,1,1,0,0,0,0,1,0,1,1,1,NA,NA,NA,NA,5,4,0.8,3,3,1,-0.795392831
NV,23,10,9,19,1,1,1,1,1,1,1,1,1,1,0,1,1,1,1,0,1,0,0,9,5,0.555555556,5,3,0.6,-1.039837275
P1E,23,6,12,18,0,1,1,1,1,1,1,1,1,1,1,1,1,1,1,1,1,1,0,9,8,0.888888889,5,4,0.8,-0.706503942
PEC,23,0,1,1,0,1,1,1,1,1,1,0,0,0,1,0,0,0,0,0,NA,NA,NA,6,1,0.166666667,4,0,0,-1.428726164
RUM,23,0,8,8,0,1,1,1,1,1,1,0,0,0,0,0,0,0,0,0,NA,NA,NA,6,0,0,4,0,0,-1.595392831
SIM,23,2,3,5,0,1,1,1,1,1,1,1,0,0,1,0,1,0,1,1,0,NA,NA,7,4,0.571428571,4,3,0.75,-1.023964259
SSG,23,4,3,7,0,1,1,1,1,1,1,1,1,0,0,0,1,0,0,1,0,0,NA,8,2,0.25,4,2,0.5,-1.345392831
TS,23,1,2,3,0,1,1,1,1,1,1,0,0,0,1,1,1,1,0,0,NA,NA,NA,6,4,0.666666667,4,2,0.5,-0.928726164
WC,23,0,1,1,0,1,1,1,1,1,0,0,0,0,0,0,1,0,0,NA,NA,NA,NA,5,1,0.2,3,1,0.333333333,-1.395392831
BMG,24,0,1,1,0,1,1,1,1,1,0,0,0,0,0,1,1,0,0,NA,NA,NA,NA,5,2,0.4,3,1,0.333333333,-1.195392831
C9,24,1,6,7,0,1,1,1,1,1,0,0,0,0,1,1,1,1,0,NA,NA,NA,NA,5,4,0.8,3,2,0.666666667,-0.795392831
DNL,24,0,0,0,0,1,1,1,1,0,0,0,0,0,1,1,0,0,NA,NA,NA,NA,NA,4,2,0.5,2,0,0,-1.095392831
END,24,1,9,10,0,1,1,1,1,1,0,0,0,0,0,1,1,0,0,NA,NA,NA,NA,5,2,0.4,3,1,0.333333333,-1.195392831
EU,24,0,4,4,0,1,1,1,1,0,0,0,0,0,0,0,0,0,NA,NA,NA,NA,NA,4,0,0,2,0,0,-1.595392831
EXG,24,5,4,9,0,1,1,1,1,1,1,1,1,0,1,1,1,1,1,1,1,0,NA,8,7,0.875,4,4,1,-0.720392831
GG,24,0,2,2,0,1,1,1,1,1,0,0,0,0,0,0,0,0,0,NA,NA,NA,NA,5,0,0,3,0,0,-1.595392831
LZR,24,0,0,0,0,1,1,1,1,1,0,0,0,0,0,0,0,0,0,NA,NA,NA,NA,5,0,0,3,0,0,-1.595392831
NV,24,4,3,7,0,1,1,1,1,1,1,1,1,0,1,1,1,1,1,0,0,0,NA,8,5,0.625,4,3,0.75,-0.970392831
P1E,24,0,0,0,0,1,0,0,0,0,0,0,0,0,1,NA,NA,NA,NA,NA,NA,NA,NA,1,1,1,0,0,NA,-0.595392831
PEC,24,0,0,0,0,1,1,1,1,0,0,0,0,0,1,1,0,0,NA,NA,NA,NA,NA,4,2,0.5,2,0,0,-1.095392831
RUM,24,3,3,6,0,1,1,1,1,1,1,1,0,0,1,1,1,1,1,1,0,NA,NA,7,6,0.857142857,4,4,1,-0.738249973
SIM,24,0,2,2,0,1,1,1,1,0,0,0,0,0,0,1,0,0,NA,NA,NA,NA,NA,4,1,0.25,2,0,0,-1.345392831
SSG,24,2,11,13,0,1,1,1,1,1,1,1,0,0,0,0,0,0,0,0,0,NA,NA,7,0,0,4,0,0,-1.595392831
TS,24,6,3,9,0,1,1,1,1,1,1,1,1,1,0,1,1,1,1,1,0,0,0,9,5,0.555555556,5,4,0.8,-1.039837275
WC,24,10,8,18,1,1,1,1,1,1,1,1,1,1,1,1,1,1,1,0,1,1,1,9,8,0.888888889,5,4,0.8,-0.706503942
BMG,25,1,6,7,0,1,1,1,1,1,1,0,0,0,0,1,1,0,0,0,NA,NA,NA,6,2,0.333333333,4,1,0.25,-1.262059497
C9,25,4,7,11,0,1,1,1,1,1,1,1,1,1,1,1,1,0,1,1,0,0,0,9,5,0.555555556,5,3,0.6,-1.039837275
DNL,25,0,0,0,0,1,1,1,1,1,0,0,0,0,0,0,1,0,0,NA,NA,NA,NA,5,1,0.2,3,1,0.333333333,-1.395392831
END,25,0,0,0,0,1,1,1,1,0,0,0,0,0,0,0,0,1,NA,NA,NA,NA,NA,4,1,0.25,2,1,0.5,-1.345392831
EU,25,2,4,6,0,1,1,1,1,1,1,1,0,0,0,1,1,1,1,0,0,NA,NA,7,4,0.571428571,4,3,0.75,-1.023964259
EXG,25,0,1,1,0,1,1,1,1,0,0,0,0,0,0,1,1,1,NA,NA,NA,NA,NA,4,3,0.75,2,2,1,-0.845392831
GG,25,1,2,3,0,1,1,1,1,1,1,1,0,0,0,1,0,0,0,0,1,NA,NA,7,2,0.285714286,4,0,0,-1.309678545
LZR,25,6,5,11,0,1,1,1,1,1,1,1,1,1,1,1,0,0,1,1,0,1,0,9,5,0.555555556,5,2,0.4,-1.039837275
NV,25,10,8,18,1,1,1,1,1,1,1,1,1,1,1,1,1,1,1,1,0,1,1,9,8,0.888888889,5,5,1,-0.706503942
P1E,25,0,2,2,0,1,1,1,1,1,0,0,0,0,1,1,1,0,0,NA,NA,NA,NA,5,3,0.6,3,1,0.333333333,-0.995392831
PEC,25,0,5,5,0,1,1,1,1,1,0,0,0,0,1,1,1,0,0,NA,NA,NA,NA,5,3,0.6,3,1,0.333333333,-0.995392831
RUM,25,0,3,3,0,1,1,1,1,1,1,0,0,0,0,0,0,0,0,0,NA,NA,NA,6,0,0,4,0,0,-1.595392831
SIM,25,0,0,0,0,1,1,1,1,0,0,0,0,0,1,1,1,0,NA,NA,NA,NA,NA,4,3,0.75,2,1,0.5,-0.845392831
SSG,25,5,8,13,0,1,1,1,1,1,1,1,1,1,1,1,0,0,1,1,0,0,0,9,4,0.444444444,5,2,0.4,-1.150948386
TS,25,3,3,6,0,1,1,1,1,1,1,1,1,1,1,1,1,0,1,1,1,0,0,9,6,0.666666667,5,3,0.6,-0.928726164
WC,25,0,3,3,0,1,1,1,1,0,0,0,0,0,1,1,1,1,NA,NA,NA,NA,NA,4,4,1,2,2,1,-0.595392831
BMG,26,0,1,1,0,1,1,1,1,0,0,0,0,0,0,0,0,1,NA,NA,NA,NA,NA,4,1,0.25,2,1,0.5,-1.345392831
C9,26,5,11,16,0,1,1,1,1,1,1,1,1,1,1,1,0,0,0,0,0,0,0,9,2,0.222222222,5,0,0,-1.373170608
DNL,26,3,2,5,0,1,1,1,1,1,1,1,0,0,0,0,0,1,1,1,0,NA,NA,7,3,0.428571429,4,3,0.75,-1.166821402
END,26,4,4,8,0,1,1,1,1,1,1,1,1,1,0,0,0,0,1,0,0,0,0,9,1,0.111111111,5,1,0.2,-1.484281719
EU,26,0,0,0,0,1,1,0,0,0,0,0,0,0,1,1,NA,NA,NA,NA,NA,NA,NA,2,2,1,0,0,NA,-0.595392831
EXG,26,6,8,14,0,1,1,1,1,1,1,1,1,1,1,0,1,1,1,0,0,0,0,9,4,0.444444444,5,3,0.6,-1.150948386
GG,26,1,6,7,0,1,1,1,1,1,1,1,0,0,1,0,0,0,1,0,0,NA,NA,7,2,0.285714286,4,1,0.25,-1.309678545
LZR,26,1,4,5,0,1,1,1,1,1,1,1,0,0,1,0,0,0,0,0,0,NA,NA,7,1,0.142857143,4,0,0,-1.452535688
NV,26,0,1,1,0,1,1,1,1,1,0,0,0,0,1,1,1,1,0,NA,NA,NA,NA,5,4,0.8,3,2,0.666666667,-0.795392831
P1E,26,0,7,7,0,1,1,1,1,1,1,0,0,0,1,1,1,1,0,0,NA,NA,NA,6,4,0.666666667,4,2,0.5,-0.928726164
PEC,26,0,2,2,0,1,1,1,1,1,0,0,0,0,1,0,0,0,0,NA,NA,NA,NA,5,1,0.2,3,0,0,-1.395392831
RUM,26,10,5,15,1,1,1,1,1,1,1,1,1,1,1,0,0,0,1,1,1,1,1,9,6,0.666666667,5,3,0.6,-0.928726164
SIM,26,0,0,0,0,1,1,1,1,1,1,0,0,0,1,0,0,0,0,0,NA,NA,NA,6,1,0.166666667,4,0,0,-1.428726164
SSG,26,0,3,3,0,1,1,1,1,1,1,0,0,0,1,1,0,0,0,0,NA,NA,NA,6,2,0.333333333,4,0,0,-1.262059497
TS,26,0,4,4,0,1,1,1,1,1,1,0,0,0,0,1,1,1,1,1,NA,NA,NA,6,5,0.833333333,4,4,1,-0.762059497
WC,26,2,2,4,0,1,1,1,1,1,1,1,0,0,0,0,0,1,1,1,1,NA,NA,7,4,0.571428571,4,3,0.75,-1.023964259
BMG,27,0,2,2,0,1,1,1,1,1,1,0,0,0,0,1,1,1,0,0,NA,NA,NA,6,3,0.5,4,2,0.5,-1.095392831
C9,27,0,2,2,0,1,1,0,0,0,0,0,0,0,1,1,NA,NA,NA,NA,NA,NA,NA,2,2,1,0,0,NA,-0.595392831
DNL,27,0,0,0,0,1,1,1,1,1,0,0,0,0,0,1,1,1,1,NA,NA,NA,NA,5,4,0.8,3,3,1,-0.795392831
END,27,0,1,1,0,1,1,1,1,1,1,0,0,0,0,1,1,1,0,0,NA,NA,NA,6,3,0.5,4,2,0.5,-1.095392831
EU,27,2,7,9,0,1,1,1,1,1,1,1,1,0,1,1,1,1,1,1,1,0,NA,8,7,0.875,4,4,1,-0.720392831
EXG,27,5,5,10,0,1,1,1,1,1,1,1,1,1,0,1,1,1,1,1,1,0,0,9,6,0.666666667,5,4,0.8,-0.928726164
GG,27,4,10,14,0,1,1,1,1,1,1,1,1,0,1,1,1,0,0,0,0,0,NA,8,3,0.375,4,1,0.25,-1.220392831
LZR,27,0,1,1,0,1,1,1,1,0,0,0,0,0,0,1,0,0,NA,NA,NA,NA,NA,4,1,0.25,2,0,0,-1.345392831
NV,27,1,5,6,0,1,1,1,1,1,1,0,0,0,1,1,1,0,1,1,NA,NA,NA,6,5,0.833333333,4,3,0.75,-0.762059497
P1E,27,0,1,1,0,1,1,1,1,1,1,0,0,0,1,1,1,1,0,0,NA,NA,NA,6,4,0.666666667,4,2,0.5,-0.928726164
PEC,27,0,4,4,0,1,1,1,1,1,1,0,0,0,0,0,0,0,0,0,NA,NA,NA,6,0,0,4,0,0,-1.595392831
RUM,27,3,3,6,0,1,1,1,1,1,1,1,1,0,1,1,1,0,1,1,0,0,NA,8,5,0.625,4,3,0.75,-0.970392831
SIM,27,6,4,10,0,1,1,1,1,1,1,1,1,1,1,0,0,0,1,1,1,1,0,9,5,0.555555556,5,2,0.4,-1.039837275
SSG,27,10,7,17,1,1,1,1,1,1,1,1,1,1,0,1,0,1,0,1,1,1,1,9,6,0.666666667,5,3,0.6,-0.928726164
TS,27,1,4,5,0,1,1,1,1,1,1,1,0,0,0,1,1,1,0,0,0,NA,NA,7,3,0.428571429,4,2,0.5,-1.166821402
WC,27,0,2,2,0,1,1,1,1,1,0,0,0,0,0,0,0,0,1,NA,NA,NA,NA,5,1,0.2,3,1,0.333333333,-1.395392831
BMG,28,0,1,1,0,1,1,1,1,0,0,0,0,0,0,0,1,1,NA,NA,NA,NA,NA,4,2,0.5,2,2,1,-1.095392831
C9,28,0,1,1,0,1,1,0,0,0,0,0,0,0,0,1,NA,NA,NA,NA,NA,NA,NA,2,1,0.5,0,0,NA,-1.095392831
DNL,28,5,7,12,0,1,1,1,1,1,1,1,1,1,0,0,1,1,1,1,1,1,1,9,7,0.777777778,5,5,1,-0.817615053
END,28,1,3,4,0,1,1,1,1,1,1,0,0,0,0,0,0,0,0,0,NA,NA,NA,6,0,0,4,0,0,-1.595392831
EU,28,4,1,5,0,1,1,1,1,1,1,1,1,1,1,1,1,1,1,1,1,1,1,9,9,1,5,5,1,-0.595392831
EXG,28,0,4,4,0,1,1,1,1,1,0,0,0,0,1,1,1,1,0,NA,NA,NA,NA,5,4,0.8,3,2,0.666666667,-0.795392831
GG,28,10,7,17,1,1,1,1,1,1,1,1,1,1,1,1,1,1,1,1,0,1,0,9,7,0.777777778,5,4,0.8,-0.817615053
LZR,28,0,5,5,0,1,1,1,1,1,0,0,0,0,0,0,1,0,0,NA,NA,NA,NA,5,1,0.2,3,1,0.333333333,-1.395392831
NV,28,1,4,5,0,1,1,1,1,1,1,0,0,0,1,1,1,1,1,0,NA,NA,NA,6,5,0.833333333,4,3,0.75,-0.762059497
P1E,28,2,4,6,0,1,1,1,1,1,1,1,0,0,0,1,1,1,1,0,0,NA,NA,7,4,0.571428571,4,3,0.75,-1.023964259
PEC,28,3,2,5,0,1,1,1,1,1,1,1,1,1,1,1,1,1,1,1,0,0,0,9,6,0.666666667,5,4,0.8,-0.928726164
RUM,28,6,8,14,0,1,1,1,1,1,1,1,1,1,1,1,1,1,0,0,1,0,0,9,5,0.555555556,5,2,0.4,-1.039837275
SIM,28,0,2,2,0,1,1,1,1,1,0,0,0,0,0,1,1,0,0,NA,NA,NA,NA,5,2,0.4,3,1,0.333333333,-1.195392831
SSG,28,0,2,2,0,1,1,1,1,1,1,0,0,0,0,0,0,0,0,0,NA,NA,NA,6,0,0,4,0,0,-1.595392831
TS,28,0,1,1,0,1,1,1,1,1,1,0,0,0,0,0,0,0,0,0,NA,NA,NA,6,0,0,4,0,0,-1.595392831
WC,28,0,6,6,0,1,1,1,1,0,0,0,0,0,1,,1,0,NA,NA,NA,NA,NA,4,2,0.5,2,1,0.5,-1.095392831
BMG,29,3,4,7,0,1,1,1,1,1,1,1,0,0,1,1,1,1,0,0,0,NA,NA,7,4,0.571428571,4,2,0.5,-1.023964259
C9,29,1,3,4,0,1,1,1,1,1,1,0,0,0,1,1,0,0,1,0,NA,NA,NA,6,3,0.5,4,1,0.25,-1.095392831
DNL,29,0,0,0,0,1,1,1,1,0,0,0,0,0,1,1,1,0,NA,NA,NA,NA,NA,4,3,0.75,2,1,0.5,-0.845392831
END,29,10,9,19,1,1,1,1,1,1,1,1,1,1,1,1,1,1,0,1,0,0,0,9,5,0.555555556,5,3,0.6,-1.039837275
EU,29,5,13,18,0,1,1,1,1,1,1,1,1,1,1,0,0,0,1,0,0,0,0,9,2,0.222222222,5,1,0.2,-1.373170608
EXG,29,0,2,2,0,1,0,0,0,0,0,0,0,0,1,NA,NA,NA,NA,NA,NA,NA,NA,1,1,1,0,0,NA,-0.595392831
GG,29,0,2,2,0,1,1,1,1,1,0,0,0,0,1,0,0,1,0,NA,NA,NA,NA,5,2,0.4,3,1,0.333333333,-1.195392831
LZR,29,1,5,6,0,1,1,1,1,1,1,1,0,0,1,1,0,1,1,0,0,NA,NA,7,4,0.571428571,4,2,0.5,-1.023964259
NV,29,0,5,5,0,1,1,1,1,0,0,0,0,0,1,1,0,0,NA,NA,NA,NA,NA,4,2,0.5,2,0,0,-1.095392831
P1E,29,4,5,9,0,1,1,1,1,1,1,1,1,0,1,1,1,1,1,0,0,0,NA,8,5,0.625,4,3,0.75,-0.970392831
PEC,29,2,2,4,0,1,1,1,1,1,1,1,0,0,1,0,0,1,1,0,0,NA,NA,7,3,0.428571429,4,2,0.5,-1.166821402
RUM,29,0,1,1,0,1,1,1,1,1,1,0,0,0,0,1,1,1,0,1,NA,NA,NA,6,4,0.666666667,4,3,0.75,-0.928726164
SIM,29,6,6,12,0,1,1,1,1,1,1,1,1,1,1,1,0,0,1,1,1,1,1,9,7,0.777777778,5,3,0.6,-0.817615053
SSG,29,0,0,0,0,1,1,1,1,1,1,0,0,0,1,0,0,1,1,0,NA,NA,NA,6,3,0.5,4,2,0.5,-1.095392831
TS,29,0,4,4,0,1,1,1,1,1,0,0,0,0,1,1,1,0,0,NA,NA,NA,NA,5,3,0.6,3,1,0.333333333,-0.995392831
WC,29,0,0,0,0,1,1,1,1,1,1,0,0,0,1,1,1,0,0,0,NA,NA,NA,6,3,0.5,4,1,0.25,-1.095392831
BMG,30,2,7,9,0,1,1,1,1,1,1,1,0,0,0,0,0,0,0,0,0,NA,NA,7,0,0,4,0,0,-1.595392831
C9,30,5,6,11,0,1,1,1,1,1,1,1,1,1,1,1,1,1,1,1,1,1,0,9,8,0.888888889,5,4,0.8,-0.706503942
DNL,30,0,4,4,0,1,1,1,1,1,1,0,0,0,1,1,1,1,1,0,NA,NA,NA,6,5,0.833333333,4,3,0.75,-0.762059497
END,30,0,3,3,0,1,1,1,1,1,1,0,0,0,1,1,0,0,0,1,NA,NA,NA,6,3,0.5,4,1,0.25,-1.095392831
EU,30,3,2,5,0,1,1,1,1,1,1,1,1,0,1,0,1,1,0,0,1,0,NA,8,4,0.5,4,2,0.5,-1.095392831
EXG,30,1,0,1,0,1,1,1,1,1,1,0,0,0,0,0,1,1,1,0,NA,NA,NA,6,3,0.5,4,3,0.75,-1.095392831
GG,30,0,4,4,0,1,1,1,1,1,1,0,0,0,1,1,1,1,0,0,NA,NA,NA,6,4,0.666666667,4,2,0.5,-0.928726164
LZR,30,0,1,1,0,1,1,1,1,0,0,0,0,0,0,1,1,1,NA,NA,NA,NA,NA,4,3,0.75,2,2,1,-0.845392831
NV,30,10,10,20,1,1,1,1,1,1,1,1,1,1,1,1,1,1,0,0,0,1,0,9,5,0.555555556,5,2,0.4,-1.039837275
P1E,30,0,0,0,0,1,1,1,1,1,0,0,0,0,1,0,0,0,1,NA,NA,NA,NA,5,2,0.4,3,1,0.333333333,-1.195392831
PEC,30,0,2,2,0,1,1,1,1,1,1,0,0,0,0,0,0,0,0,0,NA,NA,NA,6,0,0,4,0,0,-1.595392831
RUM,30,4,7,11,0,1,1,1,1,1,1,1,1,0,1,1,1,1,1,0,0,0,NA,8,5,0.625,4,3,0.75,-0.970392831
SIM,30,6,7,13,0,1,1,1,1,1,1,1,1,1,1,1,1,1,0,1,0,0,1,9,6,0.666666667,5,4,0.8,-0.928726164
SSG,30,1,6,7,0,1,1,1,1,1,1,1,0,0,1,1,0,0,0,0,0,NA,NA,7,2,0.285714286,4,0,0,-1.309678545
TS,30,0,0,0,0,1,1,1,0,0,0,0,0,0,1,1,0,NA,NA,NA,NA,NA,NA,3,2,0.666666667,1,0,0,-0.928726164
WC,30,0,2,2,0,1,1,1,1,1,0,0,0,0,0,1,1,0,0,NA,NA,NA,NA,5,2,0.4,3,1,0.333333333,-1.195392831
BMG,31,0,0,0,0,1,1,1,1,0,0,0,0,NA,1,1,0,0,NA,NA,NA,NA,NA,4,2,0.5,2,0,0,-1.095392831
C9,31,0,0,0,0,1,1,1,1,1,0,0,0,NA,1,1,1,0,0,NA,NA,NA,NA,5,3,0.6,3,1,0.333333333,-0.995392831
DNL,31,0,4,4,0,1,1,1,0,0,0,0,0,NA,1,1,0,NA,NA,NA,NA,NA,NA,3,2,0.666666667,1,0,0,-0.928726164
END,31,0,1,1,0,1,1,1,1,0,0,0,0,NA,0,0,0,0,NA,NA,NA,NA,NA,4,0,0,2,0,0,-1.595392831
EU,31,0,1,1,0,1,1,1,0,0,0,0,0,NA,0,1,0,NA,NA,NA,NA,NA,NA,3,1,0.333333333,1,0,0,-1.262059497
EXG,31,10,8,18,1,1,1,1,1,1,1,1,1,NA,0,1,1,1,1,1,1,1,NA,8,7,0.875,4,4,1,-0.720392831
GG,31,6,3,9,0,1,1,1,1,1,1,1,1,NA,1,1,1,1,1,1,0,1,NA,8,7,0.875,4,4,1,-0.720392831
LZR,31,5,11,16,0,1,1,1,1,1,1,1,1,NA,1,1,1,1,0,0,0,0,NA,8,4,0.5,4,2,0.5,-1.095392831
NV,31,0,4,4,0,1,1,1,1,1,0,0,0,NA,1,1,0,0,1,NA,NA,NA,NA,5,3,0.6,3,1,0.333333333,-0.995392831
P1E,31,2,4,6,0,1,1,1,1,1,1,1,0,NA,0,1,1,0,1,0,0,NA,NA,7,3,0.428571429,4,2,0.5,-1.166821402
PEC,31,0,2,2,0,1,1,1,1,1,0,0,0,NA,1,1,1,0,0,NA,NA,NA,NA,5,3,0.6,3,1,0.333333333,-0.995392831
RUM,31,1,1,2,0,1,1,1,1,1,1,1,0,NA,0,0,1,0,0,0,0,NA,NA,7,1,0.142857143,4,1,0.25,-1.452535688
SIM,31,0,4,4,0,1,1,1,1,1,0,0,0,NA,1,1,1,0,0,NA,NA,NA,NA,5,3,0.6,3,1,0.333333333,-0.995392831
SSG,31,4,7,11,0,1,1,1,1,1,1,1,0,NA,0,1,0,0,0,1,0,NA,NA,7,2,0.285714286,4,1,0.25,-1.309678545
TS,31,3,4,7,0,1,1,1,1,1,1,1,0,NA,1,1,1,0,0,0,0,NA,NA,7,3,0.428571429,4,1,0.25,-1.166821402
WC,31,1,4,5,0,1,1,1,1,1,0,0,0,NA,0,0,0,0,0,NA,NA,NA,NA,5,0,0,3,0,0,-1.595392831
BMG,32,5,0,5,0,1,1,1,1,1,1,1,0,NA,0,1,0,1,1,1,0,NA,NA,7,4,0.571428571,4,3,0.75,-1.023964259
C9,32,0,2,2,0,1,1,1,1,1,0,0,0,NA,1,1,1,0,0,NA,NA,NA,NA,5,3,0.6,3,1,0.333333333,-0.995392831
DNL,32,0,1,1,0,1,1,1,1,0,0,0,0,NA,1,1,1,1,NA,NA,NA,NA,NA,4,4,1,2,2,1,-0.595392831
END,32,4,2,6,0,1,1,1,1,1,1,1,0,NA,0,0,1,1,0,0,0,NA,NA,7,2,0.285714286,4,2,0.5,-1.309678545
EU,32,1,6,7,0,1,1,1,1,1,1,0,0,NA,1,1,0,1,0,0,NA,NA,NA,6,3,0.5,4,1,0.25,-1.095392831
EXG,32,10,7,17,1,1,1,1,1,1,1,1,1,NA,0,1,1,1,1,1,1,1,NA,8,7,0.875,4,4,1,-0.720392831
GG,32,0,6,6,0,1,1,1,1,1,0,0,0,NA,1,0,0,0,0,NA,NA,NA,NA,5,1,0.2,3,0,0,-1.395392831
LZR,32,3,4,7,0,1,1,1,1,1,1,0,0,NA,0,0,0,1,1,0,NA,NA,NA,6,2,0.333333333,4,2,0.5,-1.262059497
NV,32,2,3,5,0,1,1,1,1,1,1,0,0,NA,1,1,0,1,1,0,NA,NA,NA,6,4,0.666666667,4,2,0.5,-0.928726164
P1E,32,0,0,0,0,1,1,1,1,1,0,0,0,NA,1,0,0,1,1,NA,NA,NA,NA,5,3,0.6,3,2,0.666666667,-0.995392831
PEC,32,0,1,1,0,1,1,1,1,0,0,0,0,NA,1,1,0,0,NA,NA,NA,NA,NA,4,2,0.5,2,0,0,-1.095392831
RUM,32,1,5,6,0,1,1,1,1,1,1,0,0,NA,0,0,0,0,0,0,NA,NA,NA,6,0,0,4,0,0,-1.595392831
SIM,32,0,5,5,0,1,1,1,1,1,0,0,0,NA,1,1,1,0,0,NA,NA,NA,NA,5,3,0.6,3,1,0.333333333,-0.995392831
SSG,32,6,10,16,0,1,1,1,1,1,1,1,1,NA,1,1,0,0,0,0,0,0,NA,8,2,0.25,4,0,0,-1.345392831
TS,32,0,2,2,0,1,0,0,0,0,0,0,0,NA,0,NA,NA,NA,NA,NA,NA,NA,NA,1,0,0,0,0,NA,-1.595392831
WC,32,0,4,4,0,1,1,1,1,0,0,0,0,NA,0,0,1,1,NA,NA,NA,NA,NA,4,2,0.5,2,2,1,-1.095392831